<?xml version="1.0" encoding="UTF-8"?>
<xml>
   <NguoiDung TaiKhoan="a" SoDT="1254789444">
      <Email>a_a4930@yahoo.com</Email>
      <HoTen>a</HoTen>
      <MatKhau>a</MatKhau>
      <SoDT>1254789444</SoDT>
      <TaiKhoan>a</TaiKhoan>
   </NguoiDung>
   <NguoiDung>
      <Email>khai@gmail.com</Email>
      <HoTen>khai </HoTen>
      <MatKhau>46512</MatKhau>
      <SoDT>0932090909</SoDT>
      <TaiKhoan>abcxyz</TaiKhoan>
   </NguoiDung>
   <NguoiDung>
      <Email>admin@gmail.com</Email>
      <HoTen>admin</HoTen>
      <MatKhau null="true" />
      <SoDT>123456789</SoDT>
      <TaiKhoan>admin</TaiKhoan>
   </NguoiDung>
   <NguoiDung>
      <Email>davidphe@gmail.com</Email>
      <HoTen>Võ Văn Phê</HoTen>
      <MatKhau>123456</MatKhau>
      <SoDT null="true" />
      <TaiKhoan>davidphe</TaiKhoan>
   </NguoiDung>
   <NguoiDung>
      <Email>davidphe@gmail.com</Email>
      <HoTen>Phê</HoTen>
      <MatKhau>123456</MatKhau>
      <SoDT null="true" />
      <TaiKhoan>davidphe1</TaiKhoan>
   </NguoiDung>
   <NguoiDung>
      <Email>doan.minh62@gmail.com</Email>
      <HoTen>fas</HoTen>
      <MatKhau>safd</MatKhau>
      <SoDT>1212121212</SoDT>
      <TaiKhoan>fdsaf</TaiKhoan>
   </NguoiDung>
   <NguoiDung>
      <Email>fna@gmail.com</Email>
      <HoTen>fna</HoTen>
      <MatKhau>123</MatKhau>
      <SoDT>123123123123</SoDT>
      <TaiKhoan>fna</TaiKhoan>
   </NguoiDung>
   <NguoiDung>
      <Email>d@mail.com</Email>
      <HoTen>fsadf</HoTen>
      <MatKhau>fasdf</MatKhau>
      <SoDT>09999999999</SoDT>
      <TaiKhoan>fsafd</TaiKhoan>
   </NguoiDung>
   <NguoiDung>
      <Email>giaovu1@gmail.com</Email>
      <HoTen>Giáo vụ 1</HoTen>
      <MatKhau>123456</MatKhau>
      <SoDT>123456789</SoDT>
      <TaiKhoan>GiaoVu1</TaiKhoan>
   </NguoiDung>
   <NguoiDung>
      <Email>giaovu2@gmail.com</Email>
      <HoTen>giaovu2</HoTen>
      <MatKhau>123</MatKhau>
      <SoDT>123456789</SoDT>
      <TaiKhoan>giaovu2</TaiKhoan>
   </NguoiDung>
   <NguoiDung>
      <Email>giaovu3@gmail.com</Email>
      <HoTen>Giao Vu Ba</HoTen>
      <MatKhau>123</MatKhau>
      <SoDT>123456789</SoDT>
      <TaiKhoan>giaovu3</TaiKhoan>
   </NguoiDung>
   <NguoiDung>
      <Email>hocvien4@gmail.com</Email>
      <HoTen>hoc vien bon</HoTen>
      <MatKhau>123</MatKhau>
      <SoDT>123456789</SoDT>
      <TaiKhoan>giaovu4</TaiKhoan>
   </NguoiDung>
   <NguoiDung>
      <Email>giaovu5@gmail.com</Email>
      <HoTen>Giao Vu 5</HoTen>
      <MatKhau>123</MatKhau>
      <SoDT>123456789</SoDT>
      <TaiKhoan>giaovu5</TaiKhoan>
   </NguoiDung>
   <NguoiDung>
      <Email>hello@gmail.com</Email>
      <HoTen>hello</HoTen>
      <MatKhau null="true" />
      <SoDT>12345567</SoDT>
      <TaiKhoan>hello</TaiKhoan>
   </NguoiDung>
   <NguoiDung>
      <Email null="true" />
      <HoTen null="true" />
      <MatKhau>8888</MatKhau>
      <SoDT null="true" />
      <TaiKhoan>HocVien1</TaiKhoan>
   </NguoiDung>
   <NguoiDung>
      <Email>hocvien2@gmail.com</Email>
      <HoTen>hoc vien hai</HoTen>
      <MatKhau>123</MatKhau>
      <SoDT>123456789</SoDT>
      <TaiKhoan>hocvien2</TaiKhoan>
   </NguoiDung>
   <NguoiDung>
      <Email>khaitruong@gmail.com</Email>
      <HoTen>trương tấn khải</HoTen>
      <MatKhau>123456789</MatKhau>
      <SoDT>123456789</SoDT>
      <TaiKhoan>khaitruong123</TaiKhoan>
   </NguoiDung>
   <NguoiDung>
      <Email>SADAS@ASD.COM</Email>
      <HoTen>LE bCD</HoTen>
      <MatKhau null="true" />
      <SoDT>1234</SoDT>
      <TaiKhoan>leA</TaiKhoan>
   </NguoiDung>
   <NguoiDung>
      <Email>dpnguyen53@gmail.com</Email>
      <HoTen>Phúc Nguyen</HoTen>
      <MatKhau>123456</MatKhau>
      <SoDT>01675648635</SoDT>
      <TaiKhoan>nguyen</TaiKhoan>
   </NguoiDung>
   <NguoiDung>
      <Email>dpnguyen53@gmail.com</Email>
      <HoTen>Phúc Nguyen</HoTen>
      <MatKhau>123456</MatKhau>
      <SoDT>01675648635</SoDT>
      <TaiKhoan>nguyen1</TaiKhoan>
   </NguoiDung>
   <NguoiDung>
      <Email>dpnguyen53@gmail.com</Email>
      <HoTen null="true" />
      <MatKhau>123456</MatKhau>
      <SoDT null="true" />
      <TaiKhoan>nguyen2</TaiKhoan>
   </NguoiDung>
   <NguoiDung>
      <Email>dpnguyen53@gmail.com</Email>
      <HoTen>Nguyên Đinh Phúc</HoTen>
      <MatKhau>123456</MatKhau>
      <SoDT null="true" />
      <TaiKhoan>nguyen3</TaiKhoan>
   </NguoiDung>
   <NguoiDung>
      <Email>nghueyna@.com</Email>
      <HoTen>nguyen asdasd</HoTen>
      <MatKhau null="true" />
      <SoDT>123456</SoDT>
      <TaiKhoan>nguyenA</TaiKhoan>
   </NguoiDung>
   <NguoiDung>
      <Email>ngocquyen@annhongarment.com.vn</Email>
      <HoTen>nhucrang</HoTen>
      <MatKhau>123456</MatKhau>
      <SoDT null="true" />
      <TaiKhoan>nhucrang</TaiKhoan>
   </NguoiDung>
   <NguoiDung>
      <Email>doan.minh62@gmail.com</Email>
      <HoTen>Vương trí Tài</HoTen>
      <MatKhau>123456</MatKhau>
      <SoDT>0983408574</SoDT>
      <TaiKhoan>tai123456</TaiKhoan>
   </NguoiDung>
   <NguoiDung>
      <Email>taikhoan@gmail.com</Email>
      <HoTen>taikhoan</HoTen>
      <MatKhau>123</MatKhau>
      <SoDT>123456789</SoDT>
      <TaiKhoan>taikhoan</TaiKhoan>
   </NguoiDung>
   <NguoiDung>
      <Email null="true" />
      <HoTen null="true" />
      <MatKhau>9999999</MatKhau>
      <SoDT null="true" />
      <TaiKhoan>taikhoan1111111</TaiKhoan>
   </NguoiDung>
   <NguoiDung>
      <Email>teo@gmail.com</Email>
      <HoTen>teo</HoTen>
      <MatKhau>teo</MatKhau>
      <SoDT>9999999999</SoDT>
      <TaiKhoan>teo</TaiKhoan>
   </NguoiDung>
   <NguoiDung>
      <Email>teoem@gmail.com</Email>
      <HoTen>teo em</HoTen>
      <MatKhau>123</MatKhau>
      <SoDT>123456789</SoDT>
      <TaiKhoan>teoem</TaiKhoan>
   </NguoiDung>
   <NguoiDung>
      <Email null="true" />
      <HoTen null="true" />
      <MatKhau>8888</MatKhau>
      <SoDT null="true" />
      <TaiKhoan>thu5</TaiKhoan>
   </NguoiDung>
   <NguoiDung>
      <Email>truc@gmail.com</Email>
      <HoTen>truc</HoTen>
      <MatKhau>123</MatKhau>
      <SoDT>123123123</SoDT>
      <TaiKhoan>truc</TaiKhoan>
   </NguoiDung>
   <NguoiDung>
      <Email>trucgv@gmail.com</Email>
      <HoTen>truc giao vu</HoTen>
      <MatKhau>123</MatKhau>
      <SoDT>123123123</SoDT>
      <TaiKhoan>trucgiaovu</TaiKhoan>
   </NguoiDung>
   <NguoiDung>
      <Email>truchv@gmail.com</Email>
      <HoTen>truc hoc vien</HoTen>
      <MatKhau>123</MatKhau>
      <SoDT>123456789</SoDT>
      <TaiKhoan>truchocvien</TaiKhoan>
   </NguoiDung>
   <NguoiDung>
      <Email>t@gmail.com</Email>
      <HoTen>tt</HoTen>
      <MatKhau>tt</MatKhau>
      <SoDT>0999999999</SoDT>
      <TaiKhoan>tt</TaiKhoan>
   </NguoiDung>
   <NguoiDung>
      <Email>vanb@gmail.com</Email>
      <HoTen>van b</HoTen>
      <MatKhau>123</MatKhau>
      <SoDT>123123123123</SoDT>
      <TaiKhoan>vanb</TaiKhoan>
   </NguoiDung>
</xml>